{
  "final_fidelities": [
    0.48570226019596724,
    0.48570226019596746,
    0.48570226019596746,
    0.48570226019596746
  ],
  "temperatures": [
    0.1,
    0.5,
    1.0,
    2.0
  ],
  "total_swaps": 30,
  "best_agent": 1,
  "best_fidelity": 0.48570226019596746,
  "training_history": {
    "fidelities": [
      [
        0.47559223202354045,
        0.47559223202354045,
        0.48570226019596746,
        0.48570226019596746,
        0.48570226019596724,
        0.48570226019596724,
        0.48570226019596746,
        0.48570226019596746,
        0.48570226019596724,
        0.48570226019596724
      ],
      [
        0.47559223202354045,
        0.48570226019596746,
        0.48570226019596746,
        0.48570226019596724,
        0.48570226019596724,
        0.48570226019596746,
        0.48570226019596746,
        0.48570226019596724,
        0.48570226019596724,
        0.48570226019596746
      ],
      [
        0.48570226019596746,
        0.48570226019596746,
        0.48570226019596724,
        0.48570226019596746,
        0.48570226019596746,
        0.48570226019596746,
        0.48570226019596724,
        0.48570226019596724,
        0.48570226019596746,
        0.48570226019596746
      ],
      [
        0.48570226019596746,
        0.47559223202354045,
        0.47559223202354045,
        0.48570226019596746,
        0.48570226019596746,
        0.48570226019596724,
        0.48570226019596724,
        0.48570226019596746,
        0.48570226019596746,
        0.48570226019596746
      ]
    ],
    "swaps": [
      3,
      3,
      3,
      3,
      3,
      3,
      3,
      3,
      3,
      3
    ],
    "parameter_drift": [
      3.338479183614254,
      2.2950167854626975,
      1.8397970497608185,
      1.589086866627137,
      1.5673381139834721,
      1.7896844396988552,
      1.4321294277906418,
      1.8116737479964893,
      1.558609673132499
    ]
  }
}